id,title,price,isbn,sale_id
1,안티프래질 프런트엔드,23000,9791165923341 ,S000217735516
2,프런트엔드 레벨을 높이는 자바스크립트 퀴즈북,36000,9791169214407,S000217575708
3,웹 개발자를 위한 API 디자인 패턴,42000,9791161759944,S000217555320
4,밑바닥부터 시작하는 웹 브라우저,45000,9791169214353,S000217503808
5,"웹 프로그래밍 기본 완성 : HTML5, CSS3, JavaScript",42000,9791168331846,S000217447333
6,실무로 통하는 웹 API,27000,9791169214261,S000217378141
7,스프링 6 레시피,63000,9791169214254,S000217349483
8,코딩 자율학습 리액트 프런트엔드 개발 입문,42000,9791140715541,S000217326306
9,한 입 크기로 잘라 먹는 Next.js,35000,9788966264841,S000217191723
10,구글 스프레스시트 & 앱스스크립트 업무 자동화,35000,9791164262700,S000217126063
11,HTML+CSS 실전 입문서,25000,9791140714704,S000216928650
12,인터랙티브 웹 애니메이션,38000,9788931479393,S000216901158
13,소플의 처음 만난 Next.js,39000,9791169213912,S000216886960
14,웹 접근성 바이블,38000,9791165923235,S000216701296
15,LUVIT 실전 백엔드 러스트 Axum 프로그래밍,25000,9791194587293,S000216693772
16,npm Deep Dive,55000,9791158396077,S000216669881
17,LUVIT 나의 첫 타입스크립트 프로젝트,26000,9791194587286,S000216627462
18,멀티패러다임 프로그래밍,38000,9791169213738,S000216318962
19,실무에 바로 적용하는 웹 접근성 가이드북,42000,9791194587064,S000216317267
20,JSPStudy의 JSP&Servlet 웹 프로그래밍 입문+활용,25500,9791193059524,S000216289549
21,처음부터 시작하는 Next.js React 개발 입문,35200,9791127468507,S000216263249
22,이게 되네? 챗GPT 미친 크롤링 24제,26000,9791194383246,S000216249128
23,AI와 함께 하는 WEB-CODING 기초,29000,9791186337608,S000216112506
24,웹의 이해,5000,9791139224689,S000216042820
25,Azure OpenAI로 ChatGPT와 LLM 시스템 쉽고 빠르게 구축하기,30000,9791194587033,S000215851003
26,패턴으로 익히고 설계로 완성하는 리액트,30000,9791169213417,S000215690638
27,LUVIT 새로운 웹 개발의 시작 스벨트,32000,9791193926994,S000215618326
28,스프링 프레임워크 첫걸음,30000,9791158395704,S000215617843
29,대규모 리액트 웹 앱 개발,28000,9791193926970,S000215561417
30,Vue 3와 스프링 부트로 시작하는 웹 개발 철저 입문,38000,9791158395599,S000215152090
31,"OpenAI, 구글 Gemini, 업스테이지 Solar API를 활용한 실전 LLM 앱 개발",35000,9791158395667,S000215102456
32,Vue 3 풀스택 실전 웹 프로젝트,38000,9791189184131,S000215079707
33,PHP로 작성하는 웹 프로그래밍 기초,26000,9788970188171,S000215015065
34,스프링 부트 완전정복,35000,9791140711963,S000215007712
35,전문가를 위한 리액트,34000,9791169213318,S000214977649
36,테스트 너머의 QA 엔지니어링,22000,9791193926789,S000214961138
37,Do it! 자바스크립트+제이쿼리 입문,25000,9791163036623,S000214921842
38,쉽게 시작하는 Next.js,32000,9791140711987,S000214921493
39,실전! 스프링 부트 3 & 리액트로 시작하는 모던 웹 애플리케이션 개발,30000,9791158395315,S000214896424
40,스프링 6와 스프링 부트 3로 배우는 모던 API 개발,32000,9791158395384,S000214875784
41,자바 스크립트 웹 프로그래밍,25000,9791162891247,S000214708659
42,소플의 처음 만난 AWS: 기초부터 차근차근 따라 하며 익히는 AWS 서비스 가이드,48000,9791169213042,S000214700630
43,비전공자도 배울 수 있는 타입스크립트,32000,9791169213066,S000214698709
44,JSP 3.1 & Servlet 6.0,35000,9791167640710,S000214681696
45,예제로 배우는 소프트웨어 디자인,34000,9788931477696,S000214608148
46,이게 되네? 업무 자동화 미친 활용 앱스 스크립트 with 챗GPT,32000,9791191905991,S000214576421
47,시작! AWS: 사전처럼 찾아보는 16가지 기본 서비스와 77가지 실무 활용 서비스,36000,9791169212984,S000214513568
48,비전공자를 위한 AWS,20000,9791193926499,S000214507856
49,헬로 Bun,22000,9791193926710,S000214450265
50,실전 코드로 배우는 Vue.js,33000,9791169212991,S000214449931
51,모던 리액트 완벽 입문,36000,9791158395308,S000214428404
52,React 18 디자인 패턴과 베스트 프랙티스 4/e,38000,9791161759210,S000214409551
53,HTML  CSS3 웹 디자인,23000,9791162891230,S000214164116
54,리액트 인터뷰 가이드,28000,9791158395377,S000214006794
55,쉽게 설명한 자바스크립트 알고리즘,17000,9788931477252,S000213996137
56,자바스크립트 + 리액트 디자인 패턴,28000,9791169212571,S000213880201
57,Do it! HTML+CSS+자바스크립트 웹 표준의 정석,32000,9791163036227,S000213851738
58,미라클 HTML5+CSS3+자바스크립트,31000,9791156640332,S000213770094
59,쉽게 배우는 PHP 웹 프로그래밍,29000,9791156640318,S000213741678
60,실무로 통하는 타입스크립트,35000,9791169212595,S000213641343
61,RESTful API 서버 구현,32000,9791189184124,S000213610712
62,퍼펙트 리액트,28800,9791198762313,S000213540849
63,퍼펙트 제이쿼리,24900,9791198762306,S000213509670
64,업무에 활용하는 Node.js,30000,9791169212489,S000213381878
65,코딩 자율학습 Vue.js 프런트엔드 개발 입문,35000,9791140713844,S000213378433
66,레벨업 리액트 프로그래밍 with Next.js,44000,9791165922795,S000213362009
67,스프링 교과서,33000,9791140710119,S000213355775
68,Do it! 조코딩의 첫 웹 개발,17000,9791163035961,S000213314112
69,JUnit in Action,43000,9788966264407,S000213304122
70,일잘러의 UiPath 업무 자동화,22000,9791193926215,S000213263179
71,러닝스쿨! 자바스크립트 첫걸음,24000,9791158395193,S000213096985
72,RESTful Web API 패턴과 모범 사례,40000,9791161758404,S000213035540
73,백견불여일타 이젠 프로젝트다! 리액트 쇼핑몰 프로젝트,30000,9791193229286,S000213017600
74,실전 스벨트 & 스벨트킷 입문,26000,9791193926161,S000212989287
75,완성된 웹사이트로 배우는 자바스크립트,27000,9791169212205,S000212779305
76,리액트 훅 인 액션,30000,9791189909611,S000212764055
77,Do it! 리액트로 웹앱 만들기 with 타입스크립트,40000,9791163035640,S000212754474
78,그림으로 배우는 스프링 6 입문,39000,9791169212168,S000212731809
79,HTML/CSS가 보이는 그림책,19800,9788931586367,S000212730091
80,내 손으로 만드는 PHP 쇼핑몰,29000,9791186898741,S000212655782
81,기초부터 배우는 웹 개발 리터러시,20000,9788956749341,S000212575964
82,코딩 자율학습 제로초의 자바스크립트 입문,28000,9791140708406,S000212263350
83,누구나 쉽게 배우는 HTML5+CSS3,17000,9791197682643,S000212226211
84,제로부터 시작하는 러스트 백엔드 프로그래밍,38000,9791192987385,S000212216062
85,타입스크립트 프로그래밍,25000,9791193469033,S000212149647
86,얄코의 Too Much 친절한 HTML+CSS+자바스크립트,32000,9791198364258,S000212053076
87,자바스크립트,32000,9791192932477,S000212022852
88,아는 만큼 보이는 백엔드 개발,24000,9791140708116,S000211923576
89,이것이 취업을 위한 백엔드 개발이다 with 자바,36000,9791169211338,S000211834105
90,You Don’t Know JS Yet,30000,9791169211888,S000211817154
91,"웹/모바일 접근성, 모두를 위한 비즈니스 확장",20000,9791158524029,S000211783772
92,Do it! 점프 투 스프링 부트 3,26000,9791163035398,S000211685975
93,OpenAPI와 스웨거를 활용한 실전 API 설계,35000,9791189909581,S000211655004
94,쉽게 배우는 JSP 웹 프로그래밍,30000,9791156640066,S000211623330
95,소플의 처음 만난 리액트,33000,9791169211697,S000211547365
96,Do it! Node.js 프로그래밍 입문,36000,9791163035244,S000211207431
97,코드로 배우는 리액트,35000,9791189184117,S000211023266
98,개발자를 위한 레디스,38000,9791161757926,S000210785682
99,모던 리액트 Deep Dive,48000,9791158394646,S000210725203
100,우아한 타입스크립트 with 리액트,32000,9791169211567,S000210716282
101,웹 개발 새로고침,26000,9791192987361,S000210541336
102,JSP 서블릿 웹 프로그래밍,37000,9791198170880,S000210540422
103,AWS 교과서,38000,9791140706662,S000210532528
104,스프링 웹 프로그래밍,39000,9791198170897,S000210527042
105,웹 개발자 로드맵,20000,9791165922498,S000210398611
106,나의 첫 HTML & CSS 웹 디자인,22000,9791192987149,S000209172307
107,아는 만큼 보이는 프런트엔드 개발,24000,9791140706389,S000209150824
108,예제로 배우는 자바스크립트,28000,9791192038063,S000208950750
109,리액트로 배우는 소켓 프로그래밍,28000,9791193083062,S000208872651
110,웹서버 프로그래밍,25000,9791156001157,S000208693960
111,HTML5 웹 프로그래밍 입문,29000,9791156646716,S000208431687
112,타입스크립트 교과서,33000,9791140705900,S000208416779
113,Do it! 프런트엔드 UI 개발 with Vue.js,25000,9791163034940,S000208357862
114,구글 애널리틱스,35000,9791161757766,S000204119523
115,백엔드 입문자를 위한 모던 자바스크립트Node.js,34000,9791140705009,S000203106549
116,프런트엔드 개발자를 위한 테스트 가이드,28000,9791192987163,S000202742096
117,현장에서 바로 써먹는 리액트 with 타입스크립트,37000,9791197973079,S000202707764
118,실용적인 마이크로서비스 아키텍처 패턴,50000,9791161757629,S000202672716
119,프로덕트 매니지먼트,23000,9791169211130,S000202595362
120,쉽게 시작하는 타입스크립트,36000,9791140704750,S000202595007
121,백엔드 개발을 위한 핸즈온 장고,32000,9791169211116,S000202404727
122,JSPStudy의 JSP & Servlet 웹 프로그래밍 입문 + 활용,25500,9791193059043,S000202397101
123,"타입스크립트, 리액트, Next.js로 배우는 실전 웹 애플리케이션 개발",35000,9791158394332,S000202342916
124,원쌤의 Vue.js 퀵스타트,32000,9791193083024,S000202237433
125,풀스택 테스트: 10가지 테스트 기술의 기본 원칙과 전략,34000,9791169211093,S000202012356
126,쉽게 배우는 HTML5&CSS3 그리고 JavaScript,35000,9788958974147,S000201991103
127,처음부터 제대로 배우는 스프링 부트,28000,9791169210966,S000201866534
128,이토록 쉬운 HTML&CSS 웹 프로그래밍 입문,23000,9791193083000,S000201769390
129,그림과 작동 원리로 쉽게 이해하는 웹의 기초,22000,9791158394257,S000201603272
130,그림으로 쉽게 이해하는 웹/HTTP/네트워크,24000,9791158394196,S000201603021
131,싫었던 코딩이 좋아졌다,32000,9791198228901,S000201496908
132,Node.js 백엔드 개발자 되기,38000,9791191905274,S000201457949
133,백엔드 프로그래밍을 위한 PHP & MySQL,36000,9791192469836,S000201400072
134,스프링으로 시작하는 리액티브 프로그래밍,30000,9791165922047,S000201399476
135,칼퇴족 김대리는 알고 나만 모르는 HTML5+CSS3,21000,9791190641982,S000201375736
136,어썸 라라벨,37000,9791165921873,S000201375031
137,한 입 크기로 잘라 먹는 리액트,33000,9788966263943,S000201352991
138,기초부터 시작해서 실무로 끝내는 PHP,26000,9791189184100,S000201343352
139,Let’s 실전 예제로 배우는 자바스크립트+제이쿼리,22000,9788965121718,S000201334945
140,모던 웹을 위한 마이크로 프런트엔드,28000,9791158394080,S000201282304
141,실전! 스프링 부트와 리액트로 시작하는 모던 웹 애플리케이션 개발,28000,9791158394097,S000201237157
142,이한영의 Django(장고) 입문,25000,9788960884229,S000201056504
143,생활코딩! React 리액트 프로그래밍,25000,9791158394202,S000200940449
144,Servlet JSP 프로그래밍,30000,9788955029000,S000200925415
145,핵심만 배우는 PHP 프로그래밍,30000,9791168330740,S000200888210
146,HTML5+CSS3+JavaScript로 배우는 웹프로그래밍 기초,33000,9791192373133,S000200716955
147,모두의 구글 애널리틱스4,28000,9791140702794,S000200662106
148,실전에서 바로 쓰는 Next.js,26000,9791169210713,S000200619806
149,러닝 타입스크립트,26000,9791169210638,S000200553845
150,Do it! 리액트 모던 웹 개발 with 타입스크립트,40000,9791163034353,S000200550965
151,자바스크립트로 배우는 SICP,45000,9791169210621,S000200526321
152,Node.js 교과서,42000,9791140702398,S000200437346
153,모던 자바스크립트 프로그래밍의 정석,36000,9791163034223,S000200329055
154,"풀스택 리액트, 타입스크립트, 노드",40000,9791161756943,S000200287634
155,스프링 부트로 개발하는 MSA 컴포넌트,44000,9791140702121,S000200221921
156,한 권으로 끝내는 그누위즈의 HTML5 & CSS3 웹 디자인 입문+활용,25500,9791197948978,S000200199678
157,채쌤의 스프링 부트 프로젝트,27000,9791186710456,S000200154303
158,원쌤의 리액트 퀵스타트 with 타입스크립트,32000,9791186710937,S000200135450
159,모던 자바스크립트로 배우는 리액트 입문,23000,9791169210454,S000200126533
160,GraphQL과 타입스크립트로 개발하는 웹 서비스,25000,9791165921774,S000200019862
161,채쌤의 Servlet&JSP 프로그래밍 핵심,27000,9791186710548,S000061898162
162,"React.js, 스프링 부트, AWS로 배우는 웹 개발 101",36000,9791161756776,S000061838547
163,Laravel 실무 따라하기,35000,9791186898932,S000061757905
164,쉽게 배우는 HTML5 웹 프로그래밍 입문,27000,9788970505510,S000061584200
165,자바 웹 개발 워크북,35000,9788965403340,S000061549872
166,웹 개발자를 위한 자바스크립트의 모든 것,43000,9791140700806,S000061550045
167,그림으로 배우는 웹 구조,16000,9788931466591,S000061532404
168,그림으로 공부하는 마이크로서비스 구조,26000,9791191600988,S000061532860
169,Do it! 조코딩의 프로그래밍 입문,18000,9791163033875,S000061425726
170,스프링 부트 핵심 가이드,28000,9791158393083,S000061352140
171,멀티스레드 기반 자바스크립트,24000,9791186710838,S000061353477
172,소플의 처음 만난 리액트,33000,9791162245682,S000061352352
173,Do it! 클론 코딩 줌,18000,9791163033530,S000060625470
174,완성된 웹사이트로 배우는 HTML&CSS 웹 디자인,22000,9791162245606,S000001810508
175,코로나보드로 배우는 실전 웹 서비스 개발,38000,9791191905199,S000001953767
176,코딩 자율학습 HTML + CSS + 자바스크립트,27000,9791165219468,S000001834830
177,생활코딩! HTML+CSS+자바스크립트,28000,9791158393274,S000001766512
178,자바스크립트 완벽 가이드,42000,9788966263462,S000001033131
179,헤드 퍼스트 디자인 패턴,36000,9791162245262,S000001810483
180,HTML5 & CSS3,25000,9791162890981,S000001816564
181,프론트엔드 개발을 시작하려고 해: 입문편,29500,9791197641718,S000001987715
182,코딩만 따라 해도 웹페이지가 만들어지는 HTML+CSS+자바스크립트,24000,9788970505367,S000001076025
183,명품 HTML5+CSS3+Javascript 웹 프로그래밍,30000,9788970505459,S000001076031
184,PHP+MySQL 입문,27000,9791192038025,S000001954072
185,스벨트로 시작하는 웹 프런트엔드,29000,9791165921132,S000001842208
186,Lets 실전 예제로 배우는 자바스크립트+제이쿼리(JavaScript+jQuery),22000,9788965121275,S000001015603
187,Lets 실전예제로 배우는 HTML5+CSS3,22000,9788965121237,S000001015600
188,자바스크립트 프로그래밍 입문,27000,9791156645887,S000001743862
189,Node.js 프로젝트 투입 일주일 전,26000,9791165921170,S000001842209
190,라라벨 실전 웹 애플리케이션 개발,34000,9791191600476,S000001952233
191,이야기로 다가가는 HTML,14000,9791165921187,S000001842210
192,자신감 뿜뿜! JSP 웹 프로그래밍 Hard Carry,26000,9788970505244,S000001076014
193,개발자를 위한 웹 개발 환경 자동화,30000,9791161756004,S000001805093
194,가장 빨리 만나는 스벨트,32000,9791165218164,S000001834764
195,개발자로 살아남기,18000,9791191905113,S000001953766
196,바닐라 자바스크립트,29000,9791165921071,S000001842204
197,무던한 개발자를 위한 모던한 자바스크립트,32000,9791162245057,S000001810463
198,"기초부터 완성까지, 프런트엔드",33000,9791165921057,S000001842202
199,인터랙션디자인을 위한 Java Script,15000,9791191857467,S000001953502
200,온톨로지 과학자를 위한 지식그래프,45000,9791156645597,S000001743834
201,Do it! 자바스크립트 입문,18000,9791163033080,S000001818041
202,그누위즈의 PHP & MySQL 웹 프로그래밍 입문 + 활용,23000,9791185553887,S000001870243
203,Node.js로 서버 만들기,27000,9788997924905,S000001624718
204,실시간 모니터링 시스템을 만들며 정복하는 MEVN,32000,9791165920876,S000001842195
205,자바스크립트 + 제이쿼리 입문,25000,9791192038001,S000001954071
206,Svelte로 맛보는 웹 애플리케이션 개발,28000,9791165920944,S000001842199
207,PHP가 보이는 그림책,18000,9788931556438,S000000559933
208,JSP 웹 프로그래밍,30000,9791156645658,S000001743840
209,처음 배우는 플라스크 웹 프로그래밍,19800,9791162244678,S000001810426
210,한 권으로 배우는 Vue.js 3,26000,9788931465792,S000000555679
211,JSP 웹 프로그래밍과 스프링 프레임워크,27000,9791156645573,S000001743832
212,Do it! 클론 코딩 트위터,18000,9791163032748,S000001818026
213,당신의 칼퇴를 도와주는 UiPath 업무 자동화,28000,9791165920821,S000001842194
214,스벨트 앤 새퍼 인 액션,38000,9791162244555,S000001810414
215,HTML5 & CSS3 : UI디자인부터 EPUB코딩까지,27000,9791156008668,S000001732445
216,단숨에 배우는 타입스크립트,32000,9788931465266,S000000555637
217,오늘부터 자바스크립트,23000,9788927747680,S000000525802
218,스무디 한 잔 마시며 끝내는 리액트+TDD,32000,9791165920715,S000001842185
219,Let’s Get IT 자바스크립트 프로그래밍,25000,9791165215873,S000001834638
220,이펙티브 타입스크립트,25000,9788966263134,S000001033114
221,Vue.js 프로젝트 투입 일주일 전,24500,9791165920760,S000001842190
222,스프링 부트 실전 활용 마스터,28000,9791189909307,S000001932754
223,Node.js 디자인 패턴 바이블,32000,9788931464283,S000000555565
224,모던 자바스크립트 핵심 가이드,19800,9791162244289,S000001810390
225,한 권으로 끝내는 Node & Express,28000,9791162244227,S000001810384
226,PHP7: 기초와 응용,23000,9791187555346,S000001903554
227,CSS 완벽 가이드,59000,9791185885322,S000001874939
228,CSS 핵심 실용 가이드,18000,9791185885339,S000001874940
229,디자이너에 의한 디자이너를 위한 실무코딩(HTML+CSS),29500,9791165920494,S000001842174
230,HTML & CSS 마스터,24500,9791197122828,S000001984023
231,자바스크립트 스킬업,33000,9791161755021,S000001805004
232,디노 첫걸음,17000,9791162244012,S000001810365
233,HTML5 중심의 CSS3와 자바스크립트,30000,9788984689053,S000001318883
234,CSS 설계 실전 가이드,25000,9791190665810,S000001942518
235,초보자를 위한 리액트(React) 200제,25000,9788956749013,S000000833262
236,자바스크립트는 모든 곳에 존재한다,30000,9791162243800,S000001810344
237,타입스크립트 실전 프로젝트,35000,9791161754888,S000001804991
238,Do it! HTML+CSS+자바스크립트 웹 표준의 정석,30000,9791163032212,S000001818002
239,Do it! 장고+부트스트랩 파이썬 웹 개발의 정석,32000,9791163032069,S000001817993
240,Do it! 점프 투 장고,19800,9791163032106,S000001817996
241,혼자 공부하는 자바스크립트,24000,9791162243671,S000001810331
242,코드로 배우는 스프링 부트 웹 프로젝트,34000,9791189184070,S000001923747
243,가상현실을 위한 HTML5 & Web 3D,32000,9788984688971,S000001318877
244,Do it! 점프 투 플라스크,19800,9791163031970,S000001817989
245,예제로 배우는 스프링 부트 입문,30000,9791165920302,S000001842165
246,처음부터 제대로 배우는 라라벨,48000,9791162243688,S000001810332
247,HTML/CSS 입문 예제 중심,25000,9791196440930,S000001976452
248,웹 API 디자인,30000,9788931463224,S000000555532
249,자바스크립트 코드 레시피 278,34000,9791190665414,S000001942503
250,JSP 웹 프로그래밍,30000,9788984688513,S000001318845
251,구글 애널리틱스,35000,9791158392208,S000001766442
252,자바스크립트 파워북,22000,9791197122811,S000001984022
253,웹어셈블리 인 액션,38000,9791162243473,S000001810311
254,모던 자바스크립트 Deep Dive,45000,9791158392239,S000001766445
255,스프링 5 마스터,40000,9791161754406,S000001804945
256,스마트 계약 퀵스타트,30000,9791186710593,S000001891099
257,JSP & MySQL Web Server Programming,33000,9791162890288,S000001816550
258,HTTP/2 in Action,40000,9791161754475,S000001804952
259,구글 애널리틱스 완벽 입문,28000,9791158392154,S000001766438
260,Do it! 프로그레시브 웹앱 만들기,32000,9791163031765,S000001817978
261,SNS 앱 예제로 배우는 프로그레시브 웹 앱,26000,9791165920081,S000001842154
262,Node.js 교과서,36000,9791165212308,S000001834449
263,OpenCV 4 마스터,30000,9791161754345,S000001804939
264,실전 리액트 프로그래밍,32000,9788966262670,S000001033095
265,Do it! 클론 코딩 영화 평점 웹서비스,16000,9791163031635,S000001817970
266,타입스크립트 프로그래밍,25000,9788966262601,S000001033092
267,자바스크립트는 왜 그 모양일까?,28000,9788966262595,S000001033091
268,Go 프로그래밍 개발 환경에서 의존성 주입 실습,35000,9791161754154,S000001804923
269,백견불여일타 Vue.js 입문,22000,9788997924578,S000001624706
270,리액트 16,45000,9791161754161,S000001804924
271,구글 애널리틱스를 활용한 디지털 마케팅,15000,9788960883215,S000000938488
272,배워서 바로 쓰는 스프링 부트 2,28000,9791162242995,S000001810265
273,Web App Programming Expert 1,23000,9788963413105,S000000986329
274,리팩터링,35000,9791162242742,S000001810241
275,문제해결을 통한 웹 프로그래밍 입문,16000,9788993163612,S000001519149
276,Go 풀스택 웹 개발,30000,9791161754000,S000001804908
277,웹 프로그래밍,30000,9788984688681,S000001318860
278,HTML&자바스크립트&CSS,23000,9788980815609,S000001249466
279,JSP 프로그래밍,30000,9788984688636,S000001318857
280,웹 프로그래밍,19000,9788989383819,S000001422854
281,함수형 자바스크립트 입문,30000,9791161753997,S000001804907
282,딥러닝 인 더 브라우저,20000,9791188621835,S000001916956
283,Do it! 리액트 프로그래밍 정석,36000,9791163031451,S000001817959
284,PHP 웹 프로그래밍,26000,9788970503684,S000001075878
285,마이크로서비스 패턴,38000,9791165210441,S000001834349
286,Node.js로 프로그래밍 시작하기,36000,9791161753829,S000001804891
287,고객이 보이는 구글 애널리틱스,30000,9791162242728,S000001810239
288,새로운 CSS 레이아웃,17000,9791185885223,S000001874930
289,실전! 스프링 5와 Vue.js 2로 시작하는 모던 웹 애플리케이션 개발,36000,9791158391850,S000001766410
290,PHP EXPRESS,31000,9788970509969,S000001076373
291,블록체인 코딩,23000,9791156007043,S000001732342
292,Do it! HTML5+CSS3 웹 표준의 정석,25000,9791163031291,S000001817955
293,자바스크립트 코딩의 기술,24000,9791165210205,S000001834333
294,맛있는 MongoDB,28000,9791190014687,S000001934241
295,HTML+CSS 웹 디자인 입문,25000,9791158391782,S000001766403
296,PHP프로그래밍,22000,9788955027839,S000000790880
297,스프링 부트와 AWS로 혼자 구현하는 웹 서비스,22000,9788965402602,S000001019679
298,Django 한 그릇 뚝딱,28000,9791190014571,S000001934235
299,웹 앱 API 개발을 위한 GraphQL,22000,9788966262533,S000001033086
300,파이썬 웹프로그래밍(실전편),32000,9791162242261,S000001810194
301,Amazon Redshift,30000,9791161753591,S000001804870
302,슈퍼차지 파워 BI,30000,9791161753553,S000001804866
303,웹디자이너를 위한 자바스크립트,18000,9791185885209,S000001874928
304,예제로 배우는 Vue.js,30000,9791161753546,S000001804865
305,Vue.js 코딩 공작소,24000,9791160509229,S000001792910
306,코어 자바스크립트,22000,9791158391720,S000001766397
307,AWS 클라우드 기반의 Django 웹 애플리케이션,28000,9788960882720,S000000938470
308,전문가를 위한 스프링 5,60000,9791160508864,S000001792887
309,Front-End 웹프로그래밍,22000,9791188127535,S000001910735
310,리액트를 다루는 기술,42000,9791160508796,S000001792882
311,자바스크립트로 하는 자료 구조와 알고리즘,30000,9791161753447,S000001804855
312,Web Programming,30000,9791162890172,S000001816540
313,스프링 부트 2 레시피,30000,9791161753478,S000001804858
314,fuse X 를 활용한 모바일 앱 개발,18000,9791196722883,S000001979836
315,HTML5 웹 프로그래밍 입문,26000,9791156644552,S000001743731
316,커피 한 잔 마시며 끝내는 Vue.JS,30000,9791190014397,S000001934225
317,리액트 & 리액트 네이티브 통합 교과서,35000,9791161753195,S000001804833
318,스프링 부트 퀵스타트,28000,9791186710487,S000001891089
319,React 16 Tooling,30000,9791161753201,S000001804834
320,실전! 스프링 5를 활용한 리액티브 프로그래밍,32000,9791158391591,S000001766386
321,실전 리액트 프로그래밍,32000,9788966262465,S000001033081
322,프로그레시브 웹 앱의 모든 것,37000,9791164353323,S000001827255
323,Immutable.js 마스터,20000,9791161753065,S000001804821
324,PHP 프로그래밍 입문,25000,9791156644446,S000001743720
325,당신이 지금 알아야 할 AWS,28000,9791190014304,S000001934222
326,만들면서 배우는 프로그레시브 웹 앱,27000,9791162248737,S000001810509
327,고양이도 할 수 있는 Vue.js,24000,9791188621545,S000001916927
328,요술처럼 홈페이지 만들기,16000,9791190089005,S000001935190
329,모던 웹을 위한 HTML5+CSS3 바이블,32000,9791162241585,S000001810130
330,더 괜찮은 웹 개발자가 되기 위한 리액트 스타일 가이드,25000,9788965402411,S000001019668
331,웹어셈블리,30000,9791161752990,S000001804814
332,Vue.js 철저 입문,30000,9791158391508,S000001766377
333,백견불여일타 HTML5 & CSS3,27000,9788997924431,S000001624699
334,리액트 웹앱 제작 총론,30000,9791161752884,S000001804803
335,리얼월드 HTTP,30000,9791162240908,S000001810064
336,"Node.js, MongoDB와 Angular를 이용한 웹 개발",40000,9791161752792,S000001804794
337,Microsoft Power BI 기본+활용,23000,9791125457701,S000001654836
338,Do it! 웹 프로그래밍을 위한 자바스크립트 기본 편,18800,9791163030645,S000001817926
339,웹프로그래밍 입문,20000,9791186923412,S000001894663
340,스프링 부트 시작하기,22000,9788966262304,S000001033068
341,자료구조,18000,9788963562483,S000000989329
342,스프링 부트를 활용한 마이크로 서비스 개발,25000,9791158391416,S000001766368
343,초보자를 위한 JavaScript 200제,25000,9788956748245,S000000833223
344,HTML5 & CSS & JavaScript,15000,9791162890127,S000001816535
345,웹 프로그래밍 기초,18000,9788970187938,S000001070809
346,PHP & MySQL 닌자 비법서,35000,9791162241455,S000001810117
347,리액트 인 액션,28000,9791188621491,S000001916922
348,코틀린 마이크로서비스 개발,33000,9791161752556,S000001804770
349,자바 웹을 다루는 기술,45000,9791160506822,S000001792781
350,JSPStudy의 JSP & Servlet 웹 프로그래밍 입문 활용,23000,9791185553481,S000001870203
351,생활코딩! HTML+CSS+자바스크립트,27000,9791158391331,S000001766360
352,생활코딩! PHP+MySQL,27000,9791158391348,S000001766361
353,모두의 알고리즘 with 자바스크립트,20000,9791160506808,S000001792779
354,AWS 시스템 설계와 마이그레이션,28000,9791158391201,S000001766347
355,클라우드 네이티브 스프링,35000,9791161752457,S000001804761
356,HTML CSS 디자인 레시피,28000,9788909208215,S000000435274
357,JSP 웹 프로그래밍,27000,9791156643388,S000001743618
358,Node.js 디자인 패턴,27000,9788931459425,S000000555215
359,그누위즈의 PHP & MySQL 웹 프로그래밍 입문 + 활용,23000,9791185553436,S000001870198
360,처음 배우는 스프링 부트 2,22000,9791162241264,S000001810099
361,HTML5 & CSS3 사전,19800,9788931555820,S000000559874
362,리팩토링 자바스크립트,36000,9791160505894,S000001792730
363,초보자를 위한 PHP 200제,30000,9788956747897,S000000833212
364,HTML5 웹 프로그래밍,27000,9791162890059,S000001816529
365,CodeIgniter와 Bootstrap을 이용한 PHP 프레임워크 실무 따라하기,28000,9791186898390,S000001894099
366,RxJS 프로그래밍,32000,9791162240533,S000001810028
367,코드로 배우는 스프링 웹 프로젝트,38000,9791189184018,S000001923741
368,모두의 HTML5 & CSS3,18000,9791160505658,S000001792715
369,구글 애널리틱스 실전 활용법,15000,9788960882348,S000000938442
370,스프링5 레시피,60000,9791162241035,S000001810077
371,파이썬 웹 프로그래밍,22000,9791162241042,S000001810078
372,빠른 모바일 앱 개발을 위한 React Native,24000,9788966262250,S000001033063
373,RxJS 퀵스타트,28000,9791186710357,S000001891080
374,리액트를 다루는 기술,36000,9791160505238,S000001792686
375,node.js 프로그래밍,20000,9791188621293,S000001916902
376,동형 자바스크립트 웹 개발,25000,9791161751931,S000001804710
377,스프링5 프로그래밍 입문,26500,9788980782970,S000001248954
378,타입스크립트 2.X,25000,9791161340265,S000001800624
379,"자바스크립트 기초의 모든 것, 웹 코딩 이야기!",15000,9788909207683,S000000435232
380,"HTML 코딩의 모든 것, 홈페이지 기초부터 제작까지!",12000,9788909207706,S000000435234
381,HTML+CSS 코딩의 모든 것,23000,9788909207690,S000000435233
382,"CSS 코딩의 모든것, 웹 디자인 기초부터 완성까지!",13000,9788909207713,S000000435235
383,크롤링 핵심 가이드,22000,9791158391072,S000001766337
384,Angular Essentials,32000,9791186710340,S000001891079
385,자바스크립트+jQuery,30000,9788931458015,S000000555202
386,클라우드 네이티브 자바,38000,9791196203733,S000001973304
387,자바스크립트로 서버와 클라이언트 구축하기,25000,9788956747842,S000000833207
388,리액트 교과서,36000,9791160504828,S000001792661
389,새로운 CSS 레이아웃,17000,9791185885162,S000001874924
390,사물인터넷 자바스크립트 프로그래밍,28000,9791161751559,S000001804672
391,Try! helloworld 자바스크립트,22000,9791160504736,S000001792656
392,타입스크립트 퀵스타트,32000,9791186710302,S000001891075
393,한눈에 빠져드는 셸 스크립트,35000,9791161751412,S000001804658
394,데이터 중심 애플리케이션 설계,36000,9791158390983,S000001766328
395,Vue.js 첫걸음,22000,9791162240618,S000001810036
396,Do it! 자바스크립트 + 제이쿼리 입문,20000,9791163030034,S000001817894
397,React 16 핵심 정리,25000,9791161751375,S000001804654
398,모던 자바스크립트 입문,32000,9791160504439,S000001792644
399,초보자를 위한 Node.js 200제,23000,9788956747798,S000000833202
400,JavaScript가 보이는 그림책,17000,9788931555332,S000000559826
401,Hello Coding HTML5+CSS3,19800,9791162240502,S000001810025
402,스프링 5.0 마이크로서비스,35000,9791161751108,S000001804627
403,Do it! Vue.js 입문,15000,9791188612789,S000001916802
404,함수형 자바스크립트,27000,9791162240427,S000001810017
405,넘버쓰리 PHP,28000,9791186697528,S000001890835
406,넘버투 PHP,28000,9791186697511,S000001890834
407,넘버원 PHP,30000,9791186697504,S000001890833
408,이호진의 PHP 시리즈 세트,77400,9791186697535,S000001890836
409,앵귤러 마스터북,34000,9791188621019,S000001916874
410,예제로 익히는 제이쿼리 3,33000,9791161751092,S000001804626
411,ReactJS 이 정도는 알아야지,22000,9791186697481,S000001890831
412,PHP7 웹프로그래밍 실무 테크닉,29000,9791185123950,S000001862792
413,JSP Web Programming Master,25000,9791185123943,S000001862791
414,파이썬으로 배우는 웹 크롤러,25000,9788956747750,S000000833198
415,Javascript HTML5 CSS3 Expert,19000,9788963412740,S000000986320
416,머릿속으로 그리는 리액트 프로그래밍,26000,9791195272914,S000001959413
417,Vue.js 2 Cookbook,35000,9791161750897,S000001804606
418,AWS Lambda 인 액션,28000,9791188621064,S000001916879
419,PHP로 쉽게 시작하는 웹 프로그래밍,20000,9788984687370,S000001318785
420,구글 애널리틱스 완벽 가이드,40000,9791158390693,S000001766299
421,Meteor 코딩 공작소,32000,9791160503609,S000001792599
422,튜토리얼로 배우는 HTML&CSS,20000,9791195995288,S000001970342
423,처음 만나는 HTML5 & CSS3,25000,9791188621040,S000001916877
424,모던 자바스크립트 개발자를 위한 리액트 프로그래밍,28000,9791158390839,S000001766313
425,Vue.js 이 정도는 알아야지,22000,9791186697443,S000001890827
426,함수형 자바스크립트 프로그래밍,29000,9788966262120,S000001033053
427,러닝! Angular 4,20000,9791158390846,S000001766314
428,HTML5&CSS3&jQuery,23000,9788970187822,S000001070798
429,모던 자바스크립트,28000,9788966262113,S000001033052
430,초보자를 위한 RStudio 마스터,30000,9791161750699,S000001804586
431,객체지향 자바스크립트,40000,9791161750637,S000001804580
432,BBC micro:bit 프로그래밍 with 자바스크립트 블록 에디터,28000,9791185890951,S000001875116
433,웹프로그래밍 HTML5 CSS3 자바스크립트 JQuery,26000,9788984688070,S000001318803
434,PHP 7 예비학교,30000,9791160502701,S000001792542
435,스마트한 생활을 위한 버전2: HTML 기초&활용 HTML5+CSS3,10000,9791125438588,S000001652994
436,JavaScript & jQuery 웹 프로그래밍 입문,27000,9791185123929,S000001862789
437,XML 기술과 활용,18000,9788966284368,S000001033317
438,Vue.js 퀵 스타트,30000,9791186710197,S000001891064
439,최신 표준 HTML+CSS 디자인,25000,9791158390686,S000001766298
440,자바스크립트 마스터 북,30000,9791185890975,S000001875118
441,자바스크립트 언락,20000,9791161750330,S000001804550
442,프론트엔드 웹 개발,33000,9791186697405,S000001890823
443,Vue.js 2 프로그래밍,22000,9791158390754,S000001766305
444,차세대 웹 프로그래밍,26000,9791156643302,S000001743609
445,프로젝트로 완성하는 Go 프로그래밍,33000,9791161750323,S000001804549
446,"You Don't Know JS: this와 객체 프로토타입, 비동기와 성능",32000,9788968488535,S000001057934
447,자바스크립트 프로젝트북,28000,9788968483400,S000001057727
448,jQuery+jQueryUI+jQuery Mobile 레퍼런스 북,38000,9788909194457,S000000434356
449,리액트 웹앱 제작 총론,25000,9791161750118,S000001804528
450,"You Don't Know JS: 타입과 문법, 스코프와 클로저",24000,9788968488528,S000001057933
451,오브젝티브-C가 스위프트를 만났을 때,22000,9791187431077,S000001901668
452,Node.js 6.x 블루프린트,30000,9788968487576,S000001057892
453,러닝 자바스크립트,28000,9788968483387,S000001057725
454,ASP.NET MVC5 반응형 웹 개발 및 서비스,25000,9791186697368,S000001890819
455,초보자도 쉽게 배우는 자바 for 안드로이드 프로그래밍,25000,9788956747439,S000000833187
456,웹프로그래밍의 세계,13000,9788955027365,S000000790856
457,앵귤러 첫걸음,28000,9788968486807,S000001057857
458,Vue.js 2 시작하기,30000,9788960777439,S000000935754
459,성공적인 웹 프로그래밍 : PHP와 MySQL,32000,9788956747422,S000000833186
460,JavaScript + jQuery 입문,32000,9788968483554,S000001057740
461,jQuery 프로그래밍 입문,23000,9788909199506,S000000434794
462,데이터가 돋보이는 Microsoft Power BI,22000,9791186697337,S000001890816
463,노드JS와 몽고DB로 웹 개발 시작하기,30000,9788960779990,S000000936009
464,러닝 PHP,32000,9788968483486,S000001057734
465,Go 웹 프로그래밍,25000,9791186697313,S000001890814
466,Servlet & JSP 웹 프로그래밍,28000,9791186710128,S000001891057
467,Linked Data(링크드 데이터),21000,9791195072644,S000001956301
468,HTML5 & CSS3 웹 표준 디자인 강좌,22000,9788931455434,S000000554975
469,처음 만나는 자바스크립트,24000,9791185890777,S000001875098
470,Raptor와 Javascript로 배우는 프로그래밍 원리,20000,9791185123813,S000001862779
471,HTML5 API 프로그래밍,23000,9788980782888,S000001248945
472,웹 개발자 레퍼런스 가이드,50000,9788960779778,S000000935987
473,자바스크립트 JSON 쿡북,20000,9788960779693,S000000935979
474,HTML5 + CSS3 + Javascript 웹 프로그래밍,28000,9788970508887,S000001076281
475,Ajax와 jQuery 프로그래밍 입문,23500,9788980782871,S000001248944
476,Express 인액션,22000,9791186697283,S000001890812
477,ECMAScript 6,32000,9791186710111,S000001891056
478,모바일 웹+웹앱+하이브리드앱 입문,33000,9788970508863,S000001076279
479,JSP 2.3 & Servlet 3.1,28000,9788983799180,S000001294163
480,HTML5 웹 프로그래밍 입문,26000,9791156643074,S000001743590
481,순서도로 배우는 JavaScript,17000,9788997587230,S000001619539
482,웹 크롤링 테크닉,30000,9791185890661,S000001875087
483,Do it! HTML5+CSS3 웹 표준의 정석(2017),28000,9791187370680,S000001900868
484,자바스크립트 프로그래밍 입문,25000,9791156642787,S000001743562
485,Angular 2 프로그래밍,30000,9791158390525,S000001766282
486,에센셜 스크럼,34000,9791185890241,S000001875045
487,자바스크립트로 시작하는 로보틱스,18000,9788960779341,S000000935944
488,ModSecurity를 활용한 웹 애플리케이션 방어 레시피,45000,9788960779266,S000000935936
489,미티어 인 액션,40000,9788960779167,S000000935926
490,실전 PHP 웹 프로그래밍,30000,9791185890623,S000001875083
491,CSS 시크릿,28000,9788965401421,S000001019611
492,HTML & CSS for Beginner,23000,9791156642794,S000001743563
493,속 깊은 JavaScript(자바스크립트),28000,9791186710098,S000001891054
494,자바스크립트 패턴과 테스트,38000,9791160500257,S000001792400
495,Microsoft Azure 에센셜,28000,9791186697252,S000001890809
496,HTML5 캔버스,28000,9791186697245,S000001890808
497,누구나 쉽게 스칼라+플레이,24000,9788968484728,S000001057814
498,만약 헤밍웨이가 자바스크립트로 코딩한다면,19000,9788968484742,S000001057816
499,DBD 공격과 자바스크립트 난독화로 배우는 해킹의 기술,16800,9788968488344,S000001057929
500,HTML5+CSS3 Programming,24000,9788998955854,S000001637835
501,"Learning PHP, MySQL & JavaScript With jQuery, CSS & HTML5",50000,9788960779006,S000000935910
502,자바 웹 프로그래밍 Next Step,30000,9788997924240,S000001624682
503,HTML5 웹 프로그래밍 입문,24000,9788970508788,S000001076273
504,HTML5와 Java Script 기반의 웹 프로그래밍 정석,26000,9788983799067,S000001294151
505,속 깊은 jQuery,30000,9791186710081,S000001891053
506,HTML5&CSS3 사전,18000,9788931554588,S000000559752
507,플라스크 웹 개발,26000,9791186697214,S000001890805
508,처음 시작하는 리액트,20000,9788968487873,S000001057908
509,웹디자이너를 위한 HTML5,17000,9791185885070,S000001874915
510,자바스크립트,20000,9788984686861,S000001318752
511,스프링 애플리케이션 개발,35000,9788960778894,S000000935899
512,JavaScript Cookbook,33000,9788909194921,S000000434403
513,스프링 부트 코딩 공작소,25000,9791187345534,S000001900577
514,자바스크립트 디자인 패턴,25000,9788960778856,S000000935895
515,아이오닉 인 액션,30000,9788960778900,S000000935900
516,PHP+MySQL 웹 개발 마스터 북,28000,9791195484546,S000001962872
517,HTML5 & CSS3 그리고 jQuery,28000,9788958973164,S000000885566
518,AngularJS 웹 애플리케이션 개발 블루프린트,25000,9788960778771,S000000935887
519,바로바로 HTML5,28000,9788993827774,S000001535587
520,AngularJS와 부트스트랩으로 배우는 웹 개발,24000,9788960778733,S000000935883
521,PHP 프로그래밍,20000,9788965401278,S000001019601
522,뷰티풀 자바스크립트,20000,9791186697184,S000001890802
523,파이썬 웹 프로그래밍,25000,9791158390358,S000001766265
524,웹 여행을 시작하는 퍼블리셔를 위한 가이드,14500,9791187139072,S000001897703
525,Microsoft Azure Machine Learning,26000,9791186697160,S000001890800
526,라라벨5 프로그래밍,28000,9791158390365,S000001766266
527,React.js 핵심정리,20000,9788960778603,S000000935870
528,HTML5와 CSS3로 작성하는 반응형 웹 디자인,23000,9788956746852,S000000833152
529,MVC 구조의 확실한 해답 Angular JS 디렉티브,22000,9788960778504,S000000935860
530,자바 웹 프로그래밍,27000,9788998955762,S000001637830
531,구글 빅쿼리 애널리틱스,40000,9788960778436,S000000935853
532,Go 언어 웹 프로그래밍 철저 입문,27000,9791186978818,S000001895517
533,웹 프로그래밍,22000,9788978061872,S000001213082
534,웹프로그래밍,14000,9788984237964,S000001304755
535,웹개발입문 HTML5&CSS3,23000,9791185123660,S000001862770
536,자바스크립트 완벽 가이드,54000,9788966261796,S000001033033
537,SMACSS: 복잡한 CSS를 관리하는 5가지 스타일 가이드,12000,9788966261697,S000001033023
538,자바스크립트와 jQuery 기초가이드,28000,9788983798824,S000001294127
539,ECMAScript 6 길들이기,20000,9788960778153,S000000935825
540,Splunk 앱 제작과 대시보드 개발,20000,9788960778207,S000000935830
541,자바스크립트 보안,11900,9788968488078,S000001057912
542,AngularJS 인 액션,22000,9791185890395,S000001875060
543,프로 자바스크립트 테크닉,24000,9791186697078,S000001890791
544,Do it! 입문자도 쉽게 배우는 웹앱&하이브리드앱,32000,9788997390793,S000001615452
545,최범균의 JSP 2.3 웹 프로그래밍: 기초부터 중급까지,27000,9788980782802,S000001248937
546,Learning JavaScript Data Structures and Algorithms(한국어판),25000,9788960777842,S000000935794
547,워드프레스 제작의 바른 길,18000,9791186659595,S000001889892
548,Modern PHP,22000,9788968482250,S000001057643
549,자바스크립트+jQuery 완전정복 스터디 1: 기초편,27000,9791158390129,S000001766243
550,자바스크립트+jQuery 완전정복 스터디 3: 중급 고급 활용편,32000,9791158390143,S000001766245
551,자바스크립트+jQuery 완전정복 스터디 2: jQuery편,24000,9791158390136,S000001766244
552,한 권으로 끝내는 Node & Express,25000,9788968482229,S000001057640
553,PHP 프로그래밍,25000,9788956746418,S000000833127
554,this와 객체 프로토타입,16800,9788968487866,S000001057907
555,프리미엄 테마로 만드는 워드프레스 사이트,35000,9791158390167,S000001766247
556,JavaScript 프로그래밍,23000,9788956746395,S000000833125
557,누구나 쉽게 배우는 자바스크립트,28000,9791186697030,S000001890787
558,프로그래밍,20000,9788966261451,S000001033014
559,"PHP, ASP 쇼핑몰 실무 따라하기",29000,9791156003618,S000001732069
560,RESTful Web API,32000,9788966261635,S000001033018
561,JSP 웹 프로그래밍,23000,9788980782796,S000001248936
562,PHP Programming 정복하기,25000,9791185123363,S000001862753
563,인프라의 기본,23000,9788968482014,S000001057619
564,Redis와 Node.js를 사용한 웹 애플리케이션 개발,33000,9788960777293,S000000935741
565,Node Js 정석: 실질적인 지름길,17000,9791156003687,S000001732076
566,"Chef, 클라우드 서비스 설정관리 자동화 도구",33000,9788960777279,S000000935739
567,XML 프로그래밍,27000,9791156641810,S000001743474
568,실전 프로젝트로 배우는 AngularJS,27000,9788998139995,S000001628121
569,중급 개발자를 위한 MEAN 스택 공략,35000,9788960777217,S000000935733
570,AngularJS 반응형 웹앱 개발과 성능 최적화,28000,9788960777200,S000000935732
571,PHP 라이브러리와 활용 예제,25000,9788965400882,S000001019568
572,개발자와 디자이너가 함께 보는 자바스크립트 프로그래밍,30000,9788960777101,S000000935722
573,자바 개발자를 위한 스칼라 프로그래밍,30000,9788960777002,S000000935712
574,자바스크립트 & 제이쿼리,35000,9788993827941,S000001535603
575,웹 분석 전략,33000,9788960776968,S000000935708
576,아파치 Camel 따라잡기,40000,9788960776739,S000000935685
577,Apache JMeter: 오픈소스로 대용량 웹 서비스 성능 테스트하기,16800,9788968487330,S000001057885
578,시맨틱 웹,23000,9788975282942,S000001172998
579,파이썬 웹프로그래밍,20000,9788968481819,S000001057599
580,PHP 프로그래밍,20000,9788955026955,S000000790827
581,HTML5+CSS3 실무테크닉,20000,9788931553451,S000000559641
582,자바스크립트 & 제이쿼리,36000,9791185890197,S000001875040
583,Jasmine 자바스크립트 테스팅,20000,9788960776845,S000000935696
584,웹프로그래밍 완성,18000,9788997265541,S000001612836
585,JavaScript & jQuery(자바스크립트&제이쿼리),18000,9788970187556,S000001070777
586,XML 퀵스타트 가이드,28000,9788965400981,S000001019578
587,모바일웹+웹앱+하이브리드앱 입문,28000,9788970508269,S000001076235
588,MEAN 스택을 사용한 모던 웹 개발 입문,28000,9788960776753,S000000935687
589,모바일 앱 디자인 패턴,26000,9788960776760,S000000935688
590,자바 웹 개발 완벽 가이드,48000,9788998139773,S000001628110
591,Head First JavaScript Programming,36000,9788968481567,S000001057577
592,jQuery Mobile로 하는 모바일 웹 개발,28000,9788960776692,S000000935681
593,몰입! 자바스크립트,37000,9788963510514,S000000987780
594,HTML5+CSS3 입문,30000,9788968481611,S000001057581
595,프로 AngularJS,42000,9788994774879,S000001556135
596,HTML5로 터치 인터페이스 만들기,25000,9788956746234,S000000833109
597,jQuery 최고의 교과서,30000,9788968481574,S000001057578
598,ASP.NET 4.5.1 웹 프로그래밍,32000,9791195412709,S000001961858
599,하둡 프로그래밍,40000,9788998139759,S000001628108
600,"Node.js, MongoDB와 AngularJS를 이용한 웹 개발",45000,9788960776616,S000000935673
601,jQuery로 만드는 모바일 & 웹 게임,28000,9788960776531,S000000935665
602,HTML5 & CSS3 & Javascript,27000,9791185123257,S000001862743
603,프로페셔널 Ext JS 5 RIA 프로그래밍,35000,9788998139735,S000001628106
604,HTTP 완벽 가이드,39000,9788966261208,S000001033001
605,HTML5 웹소켓 프로그래밍,15000,9788960776487,S000000935660
606,JSP 2.3 웹 프로그래밍,38000,9788958972914,S000000885549
607,XML 기술과 활용,17000,9788966281374,S000001033294
608,자바스크립트+제이쿼리+에이잭스 완벽가이드,33000,9791195221509,S000001958638
609,jQuery Plugin,23000,9788960881495,S000000938360
610,클라이언트-서버 웹 앱 만들기,22000,9788968481345,S000001057557
611,JavaScript+jQuery 정복,28000,9788968481321,S000001057555
612,하이브리드 앱 프로그래밍,30000,9791185123226,S000001862740
613,HTML5+ CSS3 정복,32000,9788968481277,S000001057550
614,JSP Programming,30000,9788955026832,S000000790819
615,자바스크립트를 말하다,34000,9788968481192,S000001057544
616,Vert.x로 하는 실시간 웹 애플리케이션 개발,15000,9788960776067,S000000935618
617,프런트엔드 개발 시작하기,22000,9788998139667,S000001628099
618,모바일 하이브리드 & 웹 앱 프로그래밍,27000,9788960881440,S000000938355
619,D3.js 입문,28000,9788965400783,S000001019558
620,자바스크립트 자료구조와 알고리즘,22000,9788968481222,S000001057547
621,모던 웹 개발의 필독서 세트,82000,9788960776029,S000000935614
622,XML 원리와 응용,22800,9791156641261,S000001743423
623,Node.js 인 액션,35000,9788998139636,S000001628096
624,동적 웹프로그래밍 ASP,20000,9788955026788,S000000790814
625,XML A~Z까지,18000,9788970187426,S000001070764
626,HTML5 데이터 처리와 구현,35000,9788960775954,S000000935607
627,자바스크립트로 시작하는 Vert.x,13200,9788968487026,S000001057871
628,d3.js를 이용한 데이터 시각화,20000,9788960775916,S000000935603
629,JSP Web Programming,28000,9788927410560,S000000521191
630,D3.js를 이용한 데이터 시각화,20000,9788960772106,S000000935231
631,Do it! 자바스크립트+제이쿼리 입문,28000,9788997390434,S000001615426
632,JavaScript JQuery+JQueryMolile(자바스크립트 제이쿼리+제이쿼리모바일),28000,9788927410423,S000000521178
633,HTML5 & CSS 3,28000,9788970508122,S000001076222
634,자바스크립트,30000,9788994774732,S000001556121
635,백견불여일타 JSP & Servlet : Oracle & Eclipse,27000,9788997924103,S000001624668
636,CSS3,32000,9788994774725,S000001556120
637,웹 퍼포먼스 모니터링과 디버깅,25000,9788983798251,S000001294072
638,풀스택 자바스크립트 개발,35000,9788998139629,S000001628095
639,Getting Start Web,25000,9788970749471,S000001083718
640,JSP(Java Server Page),19000,9788970749402,S000001083712
641,AngularJS로 하는 웹 애플리케이션 개발,35000,9788960775732,S000000935585
642,단일 페이지 웹 애플리케이션,35000,9788998139575,S000001628090
643,설치에서 트러블슈팅까지 웹로직의 모든 것 WebLogic Expert,40000,9788960775718,S000000935583
644,아파치 Kafka 따라잡기,12000,9788960775756,S000000935587
645,Laravel 웹 애플리케이션 개발,35000,9788960775695,S000000935581
646,PHP 웹 프로그래밍,25000,9788970508146,S000001076224
647,Backbone.js 프로그래밍,28000,9788994774688,S000001556116
648,JSP/Servlet 프로그래밍,28000,9788992475600,S000001502836
649,자바 웹 개발 워크북,35000,9788965400677,S000001019547
650,Tizen 애플리케이션 프로그래밍,38000,9788965400653,S000001019545
651,기초를 다지는 최신 웹 개발 공략서,26000,9788994506944,S000001550717
652,자바스크립트 이해와 AngularJS 활용,25000,9788965400622,S000001019542
653,AngularJS 프로그래밍,25000,9788998139544,S000001628087
654,My First My SQL & PHP Programming,30000,9788965400646,S000001019544
655,JavaScript + jQuery 입문 + 실전북,20000,9791185553030,S000001870159
656,웹 서비스 개발 철저공략,24000,9788994774640,S000001556112
657,자바스크립트 닌자 비급,33000,9788966261079,S000001032989
658,HTML5 보일러플레이트,11900,9788968486692,S000001057853
659,모바일 보일러플레이트,11900,9788968486821,S000001057859
660,서블릿 컨테이너의 이해,15600,9788968486197,S000001057845
661,The Modern Web,28000,9788960775374,S000000935550
662,JavaScript Testing,25000,9788960775398,S000000935552
663,JSP 웹 프로그래밍,25000,9791185123127,S000001862732
664,XML 프로그래밍(JSP 실전프로젝트 기반) 캠퍼스특강,25000,9788970748931,S000001083668
665,모던 자바스크립트(Modern JavaScript),40000,9788960775329,S000000935545
666,R과 Shiny 패키지를 활용한 웹 애플리케이션 개발,13000,9788960775282,S000000935541
667,Selenium 웹드라이버 테스트 자동화,40000,9788960775305,S000000935543
668,인터넷 프로그래밍 입문: HTML CSS JavaScript,22000,9788998756895,S000001636246
669,JSP 웹프로그래밍 입문 활용,21000,9791185553009,S000001870156
670,함수형 자바스크립트,22000,9788968480799,S000001057504
671,Node js 프로그래밍,23000,9788983798077,S000001294054
672,삼위일체 웹 프로그래밍,30000,9788994506807,S000001550703
673,PHP Web Programing,20000,9788935305124,S000000600961
674,컴퓨터 프로그래밍 문제해결기법,23000,9788970507903,S000001076209
675,오파 웹 애플리케이션 개발,12000,9788960775138,S000000935526
676,익스프레스 프레임워크로 하는 노드 웹 앱 프로그래밍,25000,9788960775145,S000000935527
677,C++ API 디자인,35000,9788993827682,S000001535578
678,인사이드 자바스크립트,18000,9788968480652,S000001057490
679,웹표준 핵심가이드북2 HTML5+CSS3,32000,9788959523016,S000000899764
680,자바스크립트 라이브러리 실전 활용,30000,9788994506838,S000001550706
681,HTML5 + CSS3 + JavaScript로 배우는 웹프로그래밍 기초,28000,9788992649209,S000001507351
682,HTML5 웹앱 만들기,27000,9788960881327,S000000938343
683,DIY 워드프레스,30000,9788998139407,S000001628073
684,HTML5 웹프로그래밍,25000,9788992649995,S000001507425
685,자바스크립트 테스트와 디버깅,25000,9788966260751,S000001032961
686,거침없이 배우는 커피 스크립트,18000,9788993827583,S000001535568
687,DOM을 깨우치다,20000,9788994774510,S000001556099
688,구글 앱스 업무 활용,20000,9788960881303,S000000938341
689,사용자 중심 웹 애플리케이션 개발 입문,30000,9788965400509,S000001019530
690,스프링3 입문,28000,9788968480515,S000001057475
691,JSP 웹 프로그래밍 입문,28000,9788958972785,S000000885541
692,스프링 웹 개발 마스터 세트,106000,9788960774803,S000000935493
693,HTML5+CSS3 웹 표준의 정석,32000,9788997390250,S000001615408
694,웹 프로그래밍 JSP,17000,9788970187068,S000001070744
695,스프링 MVC 프로그래밍,42000,9788960774773,S000000935490
696,XML 이렇게 시작하세요,18000,9788970747927,S000001083573
697,JSP Servlet 웹 프로그래밍,18500,9788984213579,S000001304650
698,제이쿼리 툴즈 UI 라이브러리,13000,9788960774735,S000000935486
699,아파치 톰캣 7 따라잡기,30000,9788960774759,S000000935488
700,Node.js 프로그래밍,25000,9788968480430,S000001057467
